old,new,confidence,frequency,classes,revisions,commiters,age (in days)
methods,rtmethods,0.9,56,24,7,4,354
open,build,0.81,115,18,6,4,384
RTGrapherBuilder new,RTGrapher new,1,44,5,1,1,0
on:do:,when:do:,1,36,21,4,4,252
RTDataSet new,RTData new,0.97,42,6,3,1,66
RTMultiCompositeShape new,RTCompositeShape new,0.97,38,7,1,1,0
RTStackedDataSet new,RTData new,1,34,6,1,1,0
Color red:green:blue:,Color r:g:b:range:,1,14,1,1,1,0
RTLabelled new,RTLabeled new,1,15,11,1,1,0
Nautilus open,Object browse,1,14,3,2,1,13
createAndFillCanvas,setUpCanvas,1,13,7,1,1,0
translate:to:,translateTopLeftOf:to:,0.82,14,11,3,3,727
fromAssociations:,useAssociations:,1,11,5,1,1,0
translateBy:,translate:to:,0.71,10,1,2,2,0
RTElement new,RTBox element,0.7,7,3,2,1,17
objects:from:to:,connectFrom:to:,0.91,11,9,3,1,141
TRMultiCompositeShape new,TRCompositeShape new,1,9,6,2,1,58
rectangle,encompassingRectangle,0.5,7,4,3,3,5
RTLabelled,RTLabeled,1,25,14,1,1,0
roValue:,rtValue:,0.92,12,7,3,2,291
RTArrow new,RTArrowwedLine new,0.62,5,3,1,1,0
shapeWithActionForPositionInPixels:,shapeWithAction:forPositionInPixels:,1,8,1,1,1,0
objectsFromSpaceToPixelForRectangle,encompassingRectangleFromSpaceToPixel,1,8,3,1,1,0
FileSystem disk,TRPlatform current,0.8,8,5,3,1,158
RTMultiCompositeShape,RTCompositeShape,0.98,49,13,1,1,0
shapeForPositionInPixels:,shapeWithActionForPositionInPixels:,1,7,1,1,1,0
ColorPalette qualitative,RTColorPalette qualitative,1,7,6,1,1,0
TRConstraint move:onTheRightOf:,RTConstraint move:onTheRightOf:,1,8,6,1,1,0
labelConvertion:,labelConversion:,1,7,4,1,1,0
interaction,wordInteraction,1,6,2,1,1,0
axisFrom:to:,axisXFrom:to:,0.5,3,1,1,1,0
dayShape,dateShape,1,6,1,2,2,15
shapeForPosition:,shapeForPositionInPixels:,1,7,1,1,1,0
addClassesFromRegExp:,addClassesMatching:,1,6,3,1,1,0
weekdayIndex,dayOfWeek,1,6,3,1,1,0
globalRule,normalizer,1,6,1,1,1,0
normalizeColor:using:transformation:,normalizeColor:using:using:,1,5,2,1,1,0
count,identityHash,0.8,8,1,2,2,1
numberOfMenuEntries,numberOfInteractions,1,5,2,1,1,0
TRResetAllShapes new,RTResetAllShape new,1,5,4,2,2,4
RTArrowwedLine new,RTArrowedLine new,1,5,3,1,1,0
ColorPalette sequential,RTColorPalette sequential,1,5,2,1,1,0
roassalWithTransparentIcon,RTIcon smallRoassal,1,4,4,1,1,0
StrikeFont familyName:size:,TRPlatform current,1,4,2,2,1,13
RTForceBasedLayout new,RTOptimizedForceBasedLayout new,0.5,4,3,1,1,0
ColorForm extent:depth:,TRPlatform current,1,5,3,2,1,7
axisFrom:to:configuration:,axisFrom:to:,1,4,1,1,1,0
RPackageOrganizer default,TRPlatform current,1,4,2,2,1,13
TRComposedShape with:with:,TRCompositeShape with:with:,1,3,3,2,2,6
asGroup,RTGroup new,1,3,3,1,1,0
ROLine,RTLine,1,3,1,1,1,0
Color veryLightGray,Color white,0.66,2,2,1,1,0
UIManager default,TRPlatform current,1,9,5,3,2,182
node,nodes,1,16,2,2,1,4
addPlugin:,addDecorator:,1,3,1,1,1,0
RTCompositeShape with:with:,RTMultiCompositeShape with:with:,1,3,3,1,1,0
leftPosition:,translateLeftTo:,1,3,3,2,2,3
TRMultiCompositeShape,TRCompositeShape,1,12,9,2,1,58
==,=,0.5,3,3,2,2,707
AthensCairoSurface extent:,surfaceClass,1,4,3,2,2,1
translateLeftTo:,leftPosition:,1,3,3,1,1,0
RTGridLayout on:,layout:,0.66,2,2,2,1,262
FontChooser new,TRPlatform current,1,4,3,4,1,165
RTConstraint child:parent:,RTConstraint on:background:,1,3,1,1,1,0
nextPutAll:,writeText:,0.5,2,1,1,1,0
y:min:max:,y:,0.66,2,1,1,1,0
RTMultiCompositeShape with:with:,RTCompositeShape with:with:,1,3,3,1,1,0
builder:,addedInBuilder:,0.6,3,3,2,1,251
